residue,field,r1,r1_err,r2,r2_err,noe,noe_err
3,600.133,1.111043,0.01628869,3.05152,0.38221198,-0.758704,0.00120198
3,700.133,1.06656043,0.0330645,1.47590564,0.10852504,-0.4115185,0.00462507
3,800.234,1.091134,0.07346691,3.587807,0.04461263,-0.175125,0.00075348
3,900.264,1.18443,0.00712402,2.160471,0.07295439,-0.021382,0.0072657
5,600.133,1.381038,0.05005911,4.969283,0.83584875,-0.142141,0.00107088
5,700.133,1.34822507,0.0677473,5.83789649,0.31248527,0.0644895,0.00641838
5,800.234,1.243643,0.14416625,6.913234,0.10991941,0.137672,0.00130272
5,900.264,1.341601,0.01427874,5.922316,0.04357429,0.292415,0.00966276
6,600.133,1.390201,0.04282248,5.799656,1.15392881,-0.009368,0.0012558
6,700.133,1.2681126,0.07352927,6.01618028,0.33123284,0.1293915,0.00702834
6,800.234,1.254599,0.15894661,6.202621,0.12607009,0.268438,0.00158562
6,900.264,1.276408,0.01536852,6.328807,0.05149834,0.334295,0.01067016
7,600.133,1.368819,0.03365271,6.01221,0.96834103,-0.051609,0.00104466
7,700.133,1.32331247,0.068673,5.72256862,0.2870843,0.0978465,0.00585948
7,800.234,1.263396,0.12636773,7.420997,0.12236136,0.195186,0.00123234
7,900.264,1.245344,0.01277355,6.702239,0.03669366,0.341232,0.00897276
8,600.133,1.377572,0.03444792,6.089256,1.07142896,-0.031141,0.00107364
8,700.133,1.31223387,0.07158707,8.34164956,0.37451972,0.1134355,0.00657915
8,800.234,1.268928,0.15114202,7.400119,0.13106629,0.219611,0.00124614
8,900.264,1.294917,0.01429494,7.707164,0.04631934,0.350187,0.01056804
9,600.133,1.386261,0.04165571,6.692137,1.22824706,0.023458,0.00115368
9,700.133,1.32691858,0.08630087,7.58123103,0.3833255,0.165199,0.00707733
9,800.234,1.22194,0.17037204,8.115179,0.1619942,0.287354,0.00152766
9,900.264,1.238614,0.01519819,8.413556,0.05688055,0.392804,0.01178934
10,600.133,1.393974,0.05184913,7.047794,1.5570195,0.062728,0.00129444
10,700.133,1.25216883,0.09820747,7.49651261,0.52203703,0.181489,0.00829449
10,800.234,1.258023,0.21908328,8.457861,0.22469574,0.316285,0.0018975
10,900.264,1.219435,0.01892793,8.085806,0.08101536,0.350615,0.013041
11,600.133,1.359074,0.0419434,7.022664,1.29845428,0.06431,0.00116334
11,700.133,1.24870896,0.08221284,7.53603667,0.40224199,0.1899815,0.0069345
11,800.234,1.236351,0.17938013,8.277744,0.15202908,0.306093,0.0014352
11,900.264,1.187849,0.01413973,8.216264,0.06140186,0.387703,0.01049628
12,600.133,1.357179,0.05832834,7.658812,2.03659434,0.138365,0.0014352
12,700.133,1.26047089,0.10881232,7.74501498,0.60764367,0.3177915,0.00779079
12,800.234,1.12845,0.21564115,8.965667,0.22537746,0.315408,0.0018423
12,900.264,1.180313,0.02006986,9.044297,0.09428664,0.419723,0.01171482
13,600.133,1.268198,0.01059833,9.955564,0.29398609,0.178687,0.0016215
13,700.133,1.17635317,0.0317883,10.25923438,0.24441387,0.2603095,0.01106001
13,800.234,1.10013,0.04158037,10.996081,0.08206784,0.350229,0.00240948
13,900.264,1.019409,0.00583003,11.706925,0.05657876,0.422516,0.0157113
14,600.133,1.280092,0.01194021,10.752026,0.32805125,0.262163,0.00201618
14,700.133,1.11682155,0.03548314,12.00179807,0.31765337,0.418818,0.01354608
14,800.234,1.044823,0.04963527,13.177113,0.13474186,0.401675,0.00293112
14,900.264,1.071666,0.00713363,14.12666,0.0930497,0.480196,0.01576374
15,600.133,1.204123,0.01523474,12.477547,0.53711767,0.266619,0.00251574
15,700.133,1.09538171,0.04960393,12.3940418,0.46566002,0.2618455,0.01403322
15,800.234,1.00106,0.06653851,14.915187,0.19850472,0.411088,0.00389436
15,900.264,0.9796234,0.00901043,15.466675,0.12994528,0.470617,0.02138172
16,600.133,1.170996,0.01479201,12.719206,0.54907261,0.273145,0.00285798
16,700.133,0.98878673,0.03995284,14.19298182,0.49537819,0.3591475,0.0147315
16,800.234,0.9750472,0.05682549,14.608166,0.21573305,0.3573,0.003588
16,900.264,0.9368433,0.00831149,15.406213,0.13311935,0.468968,0.01940418
17,600.133,1.178931,0.0125116,11.26947,0.32632694,0.272329,0.00245364
17,700.133,1.05880283,0.01557417,12.19832109,0.26887258,0.346209,0.0094668
17,800.234,1.07203,0.04452384,13.89134,0.13853337,0.381557,0.00307602
17,900.264,0.9529442,0.00606537,14.72923,0.09053184,0.49011,0.01328388
18,600.133,1.179401,0.01330999,13.445192,0.53365055,0.341034,0.0023736
18,700.133,1.01493172,0.03202522,14.61403577,0.46946372,0.4320095,0.01178658
18,800.234,0.9093117,0.04848068,16.158556,0.20254315,0.392977,0.00312984
18,900.264,0.942455,0.00736513,17.234555,0.13674354,0.503793,0.0186093
19,600.133,1.139111,0.01992708,13.950754,0.87032902,0.281264,0.0031326
19,700.133,0.97642333,0.05542483,14.68341185,0.73424294,0.357414,0.01864794
19,800.234,0.9859962,0.07436366,16.539727,0.3285297,0.388619,0.00477204
19,900.264,0.8476229,0.01148741,17.027107,0.21253201,0.556959,0.03092442
20,600.133,1.10214,0.01677293,13.526693,0.6703931,0.345255,0.0032016
20,700.133,1.12374131,0.04742217,12.9361548,0.45549191,0.2909755,0.01363578
20,800.234,0.9550434,0.05097873,16.574994,0.26369564,0.367811,0.00391644
20,900.264,0.8875059,0.00891061,17.389668,0.17708974,0.485219,0.02024736
21,600.133,1.093204,0.02026487,14.660178,1.09217533,0.34324,0.00370254
21,700.133,1.06452515,0.07516814,15.45140511,0.94105926,0.4223855,0.02298666
21,800.234,0.8853685,0.08981639,18.13769,0.43719863,0.425861,0.00552828
21,900.264,0.8217554,0.01276155,19.132861,0.29496589,0.568764,0.03182832
22,600.133,1.035771,0.01903796,15.106366,1.08069635,0.346912,0.00340722
22,700.133,0.9564743,0.05624974,16.93625684,0.87272414,0.379282,0.02038122
22,800.234,0.8115583,0.06911352,18.939661,0.39054276,0.410376,0.00462576
22,900.264,0.7862148,0.01042714,19.390631,0.24842042,0.524531,0.03047592
23,600.133,1.00817,0.02170677,16.257766,1.2699875,0.356599,0.00418554
23,700.133,0.9446949,0.0712441,19.12999119,1.30356704,0.425503,0.02362491
23,800.234,0.8267431,0.09110084,19.290645,0.5462948,0.439417,0.00562764
23,900.264,0.8016769,0.01322209,20.932505,0.40495631,0.479813,0.03268668
24,600.133,1.00945,0.02788429,16.500808,1.96148508,0.521009,0.00518052
24,700.133,0.86441477,0.08856568,18.84360245,1.765917,0.525668,0.02666229
24,800.234,0.8411018,0.16241441,20.878373,0.80975543,0.487547,0.00724224
24,900.264,0.7420829,0.01786237,21.544516,0.54962806,0.545309,0.0509082
25,600.133,1.009643,0.02828819,15.74051,1.8487653,0.492448,0.00504252
25,700.133,0.87330451,0.09051047,17.96556248,1.62567036,0.523868,0.02841351
25,800.234,0.8011726,0.12147806,20.061457,0.79179418,0.567443,0.0079833
25,900.264,0.737258,0.01833951,21.318237,0.58770198,0.686108,0.04767624
26,600.133,0.8184854,0.03654433,19.834607,2.77777578,0.584975,0.0067206
26,700.133,0.76716837,0.0884178,22.62809452,2.47715934,0.4000285,0.02589777
26,800.234,0.678042,0.12174479,27.083452,1.52776626,0.604068,0.00987666
26,900.264,0.5556786,0.02258839,26.097437,1.00867595,0.684787,0.05750184
27,600.133,0.7116519,0.05088707,23.080411,4.40370696,0.678119,0.00901002
27,700.133,0.6227555,0.09050182,28.90958325,4.47158088,0.6725865,0.0336444
27,800.234,0.6227263,0.14093498,29.895401,2.3718129,0.665882,0.01282986
27,900.264,0.5058971,0.02721648,31.832548,2.03530128,0.772108,0.05726586
28,600.133,0.7725483,0.04918713,21.525639,3.67379184,0.687586,0.0088458
28,700.133,0.66609696,0.06967424,24.53853443,2.52323892,0.739012,0.02575011
28,800.234,0.6225509,0.08029527,27.404481,1.94167242,0.69636,0.01157682
28,900.264,0.4901913,0.02467452,29.189389,1.42915836,0.799784,0.04399302
29,600.133,0.7514109,0.05666199,23.265528,5.89358118,0.72416,0.01094202
29,700.133,0.60223875,0.12162303,27.3588171,5.6677773,0.7742565,0.04077486
29,800.234,0.5672643,0.13890887,29.815337,2.92297248,0.763001,0.01482672
29,900.264,0.4882661,0.03168164,31.855378,2.30488014,0.716157,0.05997204
30,600.133,0.7454676,0.05661369,19.954841,3.29740926,0.801613,0.01095858
30,700.133,0.62784232,0.06675412,23.49857322,2.2201509,0.7179545,0.02339031
30,800.234,0.5858963,0.09019331,28.010557,2.32992024,0.804714,0.01388694
30,900.264,0.5237081,0.02944876,28.655332,1.64187984,0.713367,0.03967224
32,600.133,0.7633819,0.06582491,22.546627,3.81592356,0.780007,0.01021752
32,700.133,0.63414229,0.07041236,25.54026581,2.89942278,0.8328295,0.02431353
32,800.234,0.5927024,0.07888019,27.597368,2.0853318,0.782527,0.0110055
32,900.264,0.4860049,0.02752319,28.799177,1.4671746,0.780398,0.0334098
35,600.133,0.7546537,0.05808657,23.958907,3.43407066,0.777334,0.00941712
35,700.133,0.64103188,0.05368487,26.16724982,1.99256958,0.799081,0.01864035
35,800.234,0.6103732,0.05355256,30.139502,1.67543178,0.844798,0.01040382
35,900.264,0.4814321,0.01993079,31.457024,1.3296812,0.673163,0.02621172
37,600.133,0.6937951,0.0621843,25.059344,4.19026788,0.740941,0.00915354
37,700.133,0.6115189,0.06062622,29.22567276,3.15153498,0.7791765,0.01953666
37,800.234,0.5366048,0.07496156,32.599189,2.58825624,0.801486,0.0123027
37,900.264,0.4114779,0.02528526,32.060944,1.8025008,0.735083,0.03417432
38,600.133,0.7293119,0.06509519,24.448839,4.0733529,0.857695,0.0117645
38,700.133,0.63737639,0.06229651,26.73035106,2.61482814,0.752942,0.02007003
38,800.234,0.5435238,0.08222829,31.306285,2.54947824,0.656228,0.01704162
38,900.264,0.4693455,0.02780303,33.627558,1.88654004,0.837449,0.03558606
39,600.133,0.765638,0.06493496,22.03724,3.40309932,0.706858,0.0114471
39,700.133,0.68765269,0.06333064,24.83061814,2.30291364,0.7082985,0.02218695
39,800.234,0.5792683,0.06317325,27.778947,1.6576836,0.733691,0.0125856
39,900.264,0.4790485,0.02314965,30.129692,1.39154784,0.731114,0.03312
41,600.133,0.6924743,0.06514456,27.208256,5.27307108,0.797334,0.01241586
41,700.133,0.57612256,0.07131945,27.46932286,3.11727096,0.854756,0.02811267
41,800.234,0.5573031,0.09986076,32.026724,3.144675,0.741309,0.01807248
41,900.264,0.4604843,0.03132639,31.653773,1.98722346,0.807219,0.04711872
42,600.133,0.7798346,0.05254673,20.879435,2.57893158,0.730916,0.00866502
42,700.133,0.72494212,0.0572695,22.46090188,1.71647022,0.747401,0.01821393
42,800.234,0.6399481,0.06624922,27.32144,1.55585478,0.760644,0.01022166
42,900.264,0.4587044,0.02220856,29.930023,1.29978281,0.808013,0.03271704
43,600.133,0.7471169,0.05220635,23.212791,2.98475508,0.765757,0.0086112
43,700.133,0.66039699,0.04845722,25.80398605,1.78615332,0.7431485,0.01661175
43,800.234,0.6238143,0.05308686,27.940169,1.50091836,0.716374,0.00874644
43,900.264,0.4952272,0.01899609,32.342732,1.26235183,0.763156,0.02789394
44,600.133,0.703943,0.05698914,24.402281,3.3689526,0.720193,0.00964344
44,700.133,0.60809093,0.05354906,28.37114188,2.66658642,0.7672325,0.01774197
44,800.234,0.5490803,0.0716789,31.772735,2.55586626,0.758206,0.011385
44,900.264,0.4568911,0.02531415,31.860402,1.56261264,0.782356,0.0334029
45,600.133,0.7314039,0.0542145,25.513928,3.25836354,0.723143,0.00860844
45,700.133,0.6810047,0.0515896,26.31943834,1.90439862,0.7739105,0.01593279
45,800.234,0.5729572,0.05559607,29.527177,1.92713274,0.698573,0.01092408
45,900.264,0.4632077,0.02024711,30.565461,1.33520023,0.757085,0.02583498
46,600.133,0.7814753,0.05897384,22.145113,2.75863242,0.754388,0.00941022
46,700.133,0.70706765,0.0489051,24.21792223,1.68609504,0.74519,0.01698297
46,800.234,0.6219683,0.04671809,26.855157,1.37786348,0.7165,0.0095841
46,900.264,0.5069439,0.0191443,29.441971,1.06894303,0.791063,0.02806368
48,600.133,0.6754986,0.06256274,23.910606,3.36546534,0.759101,0.01016646
48,700.133,0.60063077,0.05362686,26.94477081,2.38363674,0.7142485,0.01672146
48,800.234,0.5309556,0.0621125,29.542536,2.06159718,0.740387,0.01029618
48,900.264,0.4431698,0.0222355,33.061776,1.51162854,0.790921,0.02780148
49,600.133,0.7689269,0.05885134,23.387394,2.94843486,0.746788,0.00974694
49,700.133,0.68527087,0.05214795,25.44466033,1.96117734,0.734403,0.01692225
49,800.234,0.5818905,0.04806333,30.167376,1.56469644,0.732061,0.00947646
49,900.264,0.4986972,0.02038126,30.913673,1.26910706,0.786626,0.02493384
50,600.133,0.7612432,0.04604498,22.679329,2.32903014,0.687019,0.00781908
50,700.133,0.66495498,0.03990303,24.52904358,1.5222297,0.735979,0.01431336
50,800.234,0.5937491,0.04231055,26.725115,1.20062926,0.719963,0.00776664
50,900.264,0.4847394,0.0149556,28.732325,0.88906169,0.754905,0.0232737
51,600.133,0.7442968,0.05669275,21.500601,2.04081548,0.736057,0.01221484
51,700.133,0.59442395,0.0524784,22.85353681,1.5506116,0.756684,0.02366004
51,800.234,0.5830404,0.05480423,23.30727,0.76261867,0.67848,0.01130036
51,900.264,0.497774,0.01799272,25.492587,0.58415037,0.804398,0.03394226
52,600.133,0.7452512,0.0570207,23.703694,2.73098688,0.741681,0.00866916
52,700.133,0.62299867,0.04618741,25.92093237,1.71215772,0.780128,0.0149454
52,800.234,0.61209,0.05520684,28.155211,1.70896302,0.749285,0.01236204
52,900.264,0.4672391,0.0185288,32.431363,1.32659607,0.769649,0.02344344
53,600.133,0.8224812,0.04054341,20.12252,1.66983174,0.682436,0.00630384
53,700.133,0.68593057,0.03330979,22.32267595,0.96811043,0.698219,0.01267392
53,800.234,0.6095531,0.03143198,24.757946,0.77312375,0.724907,0.0062652
53,900.264,0.5450104,0.01408497,27.278093,0.66573436,0.71528,0.02008314
54,600.133,0.7262683,0.04473427,22.903361,2.11539924,0.64696,0.0075624
54,700.133,0.76173833,0.04039427,24.13026004,1.3628673,0.6503285,0.01314243
54,800.234,0.5878048,0.03519406,27.067926,0.92454632,0.661759,0.00707388
54,900.264,0.4671976,0.0134823,28.195992,0.82309686,0.650313,0.02004036
55,600.133,0.7384143,0.04673791,21.628918,2.08020234,0.630722,0.00780114
55,700.133,0.6803932,0.04241947,22.3361949,1.23316207,0.613924,0.01433958
55,800.234,0.5879011,0.03731701,26.591545,1.07066168,0.605097,0.00763002
55,900.264,0.496667,0.01600662,29.018661,0.8376502,0.689615,0.02283624
56,600.133,1.04396,0.02437795,13.709498,0.51930173,0.53918,0.00390126
56,700.133,1.02772186,0.0249939,14.69069049,0.29387914,0.558779,0.0073485
56,800.234,0.8990375,0.02283518,16.143306,0.25757176,0.549418,0.00386676
56,900.264,0.739107,0.00875855,17.184512,0.17850852,0.589193,0.01118214
57,600.133,1.126274,0.07363585,10.115912,2.16613632,0.358137,0.00201066
57,700.133,1.09808652,0.04996474,11.32837027,0.44263169,0.420411,0.00414414
57,800.234,0.9437942,0.06935876,12.252201,0.36320965,0.440027,0.00197202
57,900.264,0.8265841,0.01765569,12.850072,0.14049463,0.531782,0.00683652
58,600.133,1.100664,0.02509599,6.742817,0.52957721,-0.008014,0.0009246
58,700.133,0.9887665,0.01697836,6.31157447,0.10187364,0.0776905,0.00199962
58,800.234,0.96339,0.02811449,9.367719,0.1097951,0.142953,0.00081282
58,900.264,0.9267932,0.00723501,8.456967,0.03115941,0.264552,0.0038433